<?xml version="1.0" encoding="UTF-8"?>
<entity-mappings xmlns="https://jakarta.ee/xml/ns/persistence/orm"
                 xmlns:xsi="http://www.w3.org/2001/XMLSchema-instance"
                 xsi:schemaLocation="https://jakarta.ee/xml/ns/persistence/orm
          https://jakarta.ee/xml/ns/persistence/orm/orm_3_1.xsd"
                 version="3.1">
    <entity class="org.milaifontanals.biblioteca.Soci" access="FIELD"
            metadata-complete="true">
        <table name="SOCI">
            <index name="SOCI_IDX_COGNOMS_NOM"
            column-list="cognom1,cognom2,nom"/>
        </table>
        <attributes>
            <id name="codi"/>
            <basic name="cognom1" optional="false">
                <column nullable="false" length="30"/>
            </basic>
            <basic name="cognom2">
                <column length="30"/>
            </basic>
            <basic name="nom" optional="false">
                <column nullable="false" length="30"/>
            </basic>
            <basic name="dataNaix" optional="false">
                <column name="data_naix" nullable="false"/>                
                <temporal>DATE</temporal>
            </basic>
            <basic name="sexe">
                <column column-definition="char not null constraint SOCI_SEXE_CK check (sexe in ('M','F'))"/>
            </basic>
        </attributes>
    </entity>
                      
</entity-mappings>