<?xml version="1.0" encoding="UTF-8"?>
<entity-mappings xmlns="https://jakarta.ee/xml/ns/persistence/orm"
                 xmlns:xsi="http://www.w3.org/2001/XMLSchema-instance"
                 xsi:schemaLocation="https://jakarta.ee/xml/ns/persistence/orm
          https://jakarta.ee/xml/ns/persistence/orm/orm_3_1.xsd"
                 version="3.1">
    <entity class="org.milaifontanals.biblioteca.Fitxa" access="FIELD"
            metadata-complete="true">
        <table name="FITXA">
            <index name="FITXA_IDX_TITOL"
            column-list="titol"/>
        </table>
        <attributes>
            <id name="referencia">
                <column column-definition="varchar(10)"/>
            </id>           
            <basic name="titol" >
                <column column-definition="varchar(60) not null constraint FITXA_TIT_LEN_CK check(length(titol)>0)"/>
            </basic>
            <basic name="esDeixa">
                <column name="es_deixa"/>
            </basic>
            <basic name="momentCreacio" optional="false">
                <column name="moment_creacio" nullable="false" updatable="false"/>
                <temporal>TIMESTAMP</temporal>
            </basic>
            <basic name="momentModificacio">
                <column name="moment_modificacio"/>
                <temporal>TIMESTAMP</temporal>
            </basic>
        </attributes>
    </entity>
                      
</entity-mappings>