<?xml version="1.0" encoding="UTF-8"?>
<entity-mappings xmlns="https://jakarta.ee/xml/ns/persistence/orm"
                 xmlns:xsi="http://www.w3.org/2001/XMLSchema-instance"
                 xsi:schemaLocation="https://jakarta.ee/xml/ns/persistence/orm
          https://jakarta.ee/xml/ns/persistence/orm/orm_3_1.xsd"
                 version="3.1">
    <entity class="org.milaifontanals.biblioteca.Prestec" access="FIELD"
            metadata-complete="true">
        <attributes>
            <id name="numero"/>
            <basic name="momentPrestec" optional="false">
                <column nullable="false" name="moment_prestec"/>
            </basic>
            <basic name="momentRetorn">
                <column name="moment_retorn"/>
            </basic>
            <many-to-one name="soci" optional="false" fetch="LAZY">
                <join-column name="soci" nullable="false"/>
                <foreign-key name="prestec_fk_soci"/>
                <cascade>
                    <cascade-persist/>
                </cascade>
            </many-to-one>
            <many-to-one name="fitxa" optional="false" fetch="LAZY">
                <join-column name="fitxa" nullable="false"/>
                <foreign-key name="prestec_fk_fitxa"/>
                <cascade>
                    <cascade-persist/>
                </cascade>
            </many-to-one>
        </attributes>
    </entity>
                      
</entity-mappings>