<?xml version="1.0" encoding="UTF-8"?>
<entity-mappings xmlns="http://xmlns.jcp.org/xml/ns/persistence/orm" xmlns:xsi="http://www.w3.org/2001/XMLSchema-instance" xsi:schemaLocation="http://xmlns.jcp.org/xml/ns/persistence/orm http://xmlns.jcp.org/xml/ns/persistence/orm_2_2.xsd" version="2.2">
    <entity class="org.milaifontanals.jpa.ClauSequence2ViaXml" access="FIELD" metadata-complete="true">
        <table name="clau_sequence2"/>
        <attributes>
            <id name="codi">
                <generated-value strategy="SEQUENCE" generator="gen_clau_seq"/>
                <sequence-generator name="gen_clau_seq" sequence-name="sequence2_clau" 
                                    initial-value="1001" allocation-size="1"/>
            </id>
            <basic name="descripcio" optional="false">
                <column nullable="false" length="30"/>
            </basic>
        </attributes>
    </entity>

</entity-mappings>
