<?xml version="1.0" encoding="UTF-8"?>
<project-private xmlns="http://www.netbeans.org/ns/project-private/1">
    <editor-bookmarks xmlns="http://www.netbeans.org/ns/editor-bookmarks/2" lastBookmarkId="0"/>
    <open-files xmlns="http://www.netbeans.org/ns/projectui-open-files/2">
        <group>
            <file>file:/E:/DOCENCIA/ta/M06/P3M06UF2/000000_1_BibliotecaV1/src/org/milaifontanals/biblioteca/Fitxa.java</file>
            <file>file:/E:/DOCENCIA/ta/M06/P3M06UF2/000000_1_BibliotecaV1/src/org/milaifontanals/biblioteca/FitxaLlibre.java</file>
        </group>
    </open-files>
</project-private>
